게시번호,제목,본문내용,댓글내용
12079960,원신 리딤코드 공지,"1이미지 순서 ON마우스 커서를 올리면이미지 순서를 ON/OFF 할 수 있습니다.리딤코드 입력 사이트바로가기리딤코드는 특별 방송중 업데이트예정, 늦으면 방송 종료후 업데이트5.7 버전 첫번째 리딤코드바로가기5.7 버전 두번째 리딤코드바로가기5.7 버전 세번째 리딤코드바로가기사용 가능 기간 2025 / 6 / 09 / 오후 1시사용 가능한 리딤 코드Genshingift바로가기사용기한 확인 불가능수정일 06/06LWKC638ULB16바로가기ZT5RJ4AX4WYV바로가기추가 예정바로가기추가 예정바로가기추가 예정바로가기해외 사이트 리딤코드 주소바로가기그외 링크는 댓글로","빠르노 || 왜안뜨지 || 세번째는 아직 안뜬건가 || 캑 놓쳤네 || 제 아이테르가 루미네로바꼇어요 ㅠ || 5초만에 4.6리딤 링크 변경되노 ㅅㅂ ㅋㅋㅋㅋㅋ || 두번째 존나 느리네 씹련이 || 두? || 코드 왤케 많음 하나빼고 다되네  - dc App || 개맛있다 ㄱㅅ  - dc App || 섹스 || 아 시 바 어제였구나ㅠㅠ || duoimpact || ?? || 뭐지 분명 윤두창 어쩌고 하는 제목이었는데 || 개추다 이기야~ || 마지막꺼 만료댐 || 사랑해 || 감사합니다 || 처음부터 끝까지 다 안 쓴 리딤코드였네13개 먹었누.. || 사용기한 불명 쿠폰 9개중 8개는 수령이 가능했노 ㄳ || 너 너무 좋아 || 덕분에 받았다  - dc App || 리딤 다되네 || mtl 이거 기간만료래 || 구찮겠지만 사용기한 불가능 코드들 작성일도 포함되어있으면 더 좋을것같아!! || ㅈㄴ 빠르놐ㅋㅋ || 매번고맙다  - dc App || 개추드립니다 || 아 늦었네 || 돌뮁이 배신콘 뭐야?  - dc App || HNYM49IX9PDS || 마지막꺼 만료된듯 || 존나 쪼금주네 이런거 하지마라 우리가 거지색기냐 || 특별방송 리딤 유효기간 23일 오후 1시 오타 같은데 || aisabathhouse || ㄳㄳ || 감사합니당 - dc App || 이거 업데이트 계속 하는건감?? || 완장아 도배 좀 쳐내줘 || https://m.dcinside.com/board/onshinproject/14321911?recommend=1신규리딤 (2/8~) 11KU0MNDK2RG (60원석) || ㅇㄷ || 오예 || https://genshin.hoyoverse.com/ko/gift?code=GS55YTONVQ오늘 나온듯 || 줄 || JRCB867O8KT3,POKAPOKAGENSHIN 두개 만료됐네 까비 || 예수님이 십자가에 못 박혀 죽으셔서 죄를 사하여 주시고 3일 만에 부활하셔서 구원도 주심 || 확인안되는거 5am이랑 ual만됨 내가해봄 - dc App || VOYNICHGUILD 5월6일 사용기한 끝남 || 지금 겐신기프트 밑에  ZT5RJ4AX4WYV 이거빼고 위아래로 하나씩 기한만료임 || 굿 || Tl씨발새끼들 라이브방ㅅ ㅗㅇ 코드 기간좀 넉넉히해라 병신같네"
11967445,원신 project 갤러리 공지사항,"목차1. 짤 관련2. 이상성욕 관련3. 분탕 및 악질 어그로, 도배4. 닉네임 언급, 네임드화5. 좆목 및 도킹시도6. 저격7. 정치8. 성우 및 인방9. 거래, 계정교환, 광고10. 비틱, 자랑11. 타갤, 타사이트, 원신 분탕갤 관련12. 념글 관련13. 차단 부계정14. 갱차 기준1. 짤 관련- 유두 성기 노출 야짤 - 1일 차단- BL, 게이 짤 - 30일 차단_남남 커플, 얼굴 맞대기, 손잡기, 한 침대, 키스 직전 분위기, 게이 키스, 성적인 남캐 표현- 혐짤 - 30일 차단_똥짤, 바퀴벌레짤, 고어짤, 귀신짤, 배리나, 흑어, 굽주콘, 시무라, 게이짤, 할카스, 정도 심한 파생 카스짤,2D 및 3D 뚱녀짤, 유사배리나 유튜버짤, 소악마 아이리땅, 창시자, 징그러운 신체짤, 정도 심한 이상성욕 짤- 다수에게 혐오감을 줄 수있는 벌레, 갑툭튀 짤 - 1일 차단_지네, 혐오나방, 징그러운 벌레 등이 처리 대상- 캐릭터를 임의로 혐오스럽게 편집한 짤- 삭제_과한 얼굴조정, 사지분해, 호기, 아야카전갈, 코코미 벌레, 종려 바퀴벌레처럼 혐오감 줄 수 있는 합성- ai짤 자동 생성은 원신캐릭터에 한해서만 허용함 프롬프트 가렸거나 원신캐릭터가 아닌 ai짤은 경고성 차단 1시간2. 이상성욕- 현실 이상성욕, 범죄 및 게이, 두창 - 30일 차단- 글카스, 스캇글 - 1일 차단- 디시 측에서 문제 삼은 키워드를 포함한 작정하고 신고 넣을 수 있는 글 제목과 내용 - 1일 차단_ 단순히 제목이나 내용에 페도, 로리 등의 단어가 들어간 건 상관없으나 ""'페도'는 아니지만 '꼴린다'""와 같이 문제 삼은 키워드와 성적 표현이 함께 있는 경우 처리함2이미지 순서 ON3. 분탕 및 악질 어그로, 도배분탕 차단 및 도배 차단 - 정도에 따라 최소 7일/14일/30일/갱차까지 가중 처벌- 유출 낚시, 유출된 스토리로 스포일러, 공식정보를 통한 낚시, 의도된 인겜 시스템 정보 낚시,  - 분탕 차단_탭 미준수 시 처음에는 탭이동으로 대응, 지속되거나 의도성이 보일 경우 - 분탕 차단- 스포/성별/이상성욕/AI그림/맘충대전/갈드컵어그로 또한 전과가 많거나 억지로 이니시하는 경우 - 분탕 차단- 타게임 비교, 갈라치기 - 삭제 / 계속해서 뇌절 시 분탕 차단 / 승니갤발 분탕 혹은 해당 떡밥 전용 깡계일 시 30일 차단 (매출, 콘텐츠, 게임 비주얼 등 인게임 내용, 외부적 요인, 지표를 사용하여 타게임 혹은 원신을 올려치거나 내려치는 행위)- 타게임 떡밥 이외의 악질 떡밥에도 갤이 과열되면 완장이 경고성 글 작성, 후에도 떡밥 지속 시 삭제/1시간 차단- 분탕,갈드컵,억지 떡밥, 저격을 위한 브픈이나 깡계 - 30일 차단- 공지 내용중 삭제 경고후에도 지속해서 달린 경우 - 분탕 차단- 갤 순회하면서 같은 제목 같은 내용으로 어그로 끄는 글 - 30일 차단- 특정 성별을 티내면서 어그로 끌거나 페미 사상을 유추 할 수 있는 경우- 30일 차단- 악의적인 스펙 , 창작물, 과금인증 도용 - 14일 차단- 겜안분으로 보이거나 지속적으로 원신과 관련없는 떡밥을 굴릴려하는경우 - 6시간~분탕 차단- 신문고 벨튀 - 6시간 이하 차단-온전히 타 게임 이야기를 굴리는 경우 -갤미아로 판단해 삭제~1시간 차단, 삭제됐는데도 달리면 분탕차단4. 닉네임 언급, 네임드화- 단순 닉언 - 1일 차단-악질적 닉언 - 30일 차단_분탕 목적 또는 고로시 목적으로 닉언 하는 경우가 해당됨- 네임드화, 셀프 네임드화 - 7일차단_ 자신이나 타인의 갤질 특징을 과도하게 언급하는 경우 ,자기 메모 물어보기, N회차 제목으로 특정 글 쓰는 것을 알리는 경우, 자신의 닉네임 언급, 자짤에 닉넴 박힌 경우5. 좆목 및 도킹시도- 좆목 - 30일 차단_글 본문과 상관없는 내용으로 아는 척 하거나 갤러리 내부에서 알 수 없는 사실로 대화하는 상황_대회 상품 지급을 위한 사유가 아닌 카톡 디스코드 오픈채팅으로 접촉하는 경우와 링크 홍보- 스토킹, 도킹시도,및반응 - 30일 차단_특정 유저를 따라다니며 댓글을 달거나 과거글에 도킹하는 경우- 단순 도킹응답 - 7일 차단- 좆목성 도킹응답 - 30일 차단_좆목으로 보일 수 있는 내용에 반응하거나 대답을 한 경우 좆목으로 처리됨. 도킹시도는 웬만하면 반응하지 말고 신문고 신고를 추천함.- 원신 관련 좆목톡방, 토벌갤 활동 - 갱차- 캐치마인드, 롤망호 모집글 - 삭제6. 저격- 유동 저격 - 7일 차단-UID 겜한분 미지참저격 - 7일 차단겜한분 컷은 업적 700 월렙 56, 12층클/8층클 자세한건 아래 링크 참고https://m.dcinside.com/board/onshinproject/12752333- 헛저격 - 7일 차단_충분히 의심 갈 만한 내용에 대한 헛저격은 판단 하에 차단 보류함- 억지 저격 떡밥 - 삭제_이새끼 그새끼처럼 특정할 수 없는 저격글,증거,맥락없는 저격,병신박제용을

제외하고 차단감이 아닌 저격글7. 정치- 정떡용 계정 - 30일 차단_정치글만 쓰는 계정이거나 유동으로 갤 순회하면서 같은 내용 도배하는 것 포함- 갤러리 떡밥과 전혀 상관없이 정치 떡밥을 굴리는 경우 - 1일 차단_차단해제 후에도 지속적으로 정치 떡밥을 굴리는 경우 - 7일 차단8. 성우, 인방- 나라별 음성을 억지 주장을 통해 비하하기 위한 비교글 - 1일 차단- 인방 스트리머, 성우 닉네임 언급글 - 1일 차단_공식방송처럼 특별한 경우에 심하지 않다 판단되면 차단 보류- 인방,트위치 링크를 통한 홍보 및 광고 - 30일 차단9. 거래, 계정교환, 광고- 대회를 제외한 현금이 오갈 수 있는 글, 나눔, 구걸 - 7일 차단- 광고글, 리세계&진행계 바이럴, 홍보 - 30일 차단_거래사이트 이름과 매물 내용이 포함되는 경우 바이럴로 취급10. 비틱, 자랑- 단순 자랑글 - 1일 차단_단순 자랑글 또한 비틱떡밥이 굴러가고 다수에게 불편함을 주는 경우가 있어 처리함_호요랩 캡처, 타인의 비틱 성유물, 페이몬 모에 가챠기록을 가져오는것도 동일차단- 비틱용 계정, 전진후퇴 비틱 - 7일 차단_누가 봐도 좋은 상황인데 모르는 척 비틱, n연차 만에 뽑았다 같은 내용은 비틱으로 처리함- 단순 스펙인증용 성유물은 기만 의도가 없을 경우 차단하지 않으나 같은 내용으로 뇌절하거나 기만의도가 있을 경우 - 1일 차단_ 일반적으로 성유물 5개를 모두 끼운 캐릭터의 스펙 인증, 두 성유물 중 어떤 것이 나은지에 대한 질문 등은 처리하지 않음11. 타갤러리, 타사이트, 원신 분탕갤 관련- 타 갤러리나 사이트에서 유명한 분탕이거나 증거가 분명하고 갱생 여지가 없다고 판단될 시 - 30일 차단- 원신 갤러리 관련 익명 뒷담갤, 어둠갤, 벤티갤 이용자,분탕갤 들어간 기록 및 정황 확인 시 - 갱차, 갤미아도 예외없이 30일_고로시, 네임드화 등을 목적으로 한 고닉 갤러리 개설과 이용에 대해서는 분탕갤과 동일처리- 승리의 여신 니케 갤러리 이용시 30일 차단, 갤미아나 갤순회는 예외/니케 이야기는 니케 마이너 갤러리로- 다른 갤러리랑 싸움 붙이는 글은 삭제 처리 / 지속될 경우 - 분탕 차단- 타갤러리에서 원신과 타겜을 비교하는 속칭 뚜기짓을 하는 경우 - 분탕 차단-페이몬 갤러리는 원갤 백업용,대피소 역할로 사용되는 갤러리원갤과 동일한 규칙,갱차목록으로 운영되며 양쪽 인원 모두 자유롭게

이용 가능양측 갤러리 이용자에게 문제가 있으면 증거와 이유를 제시하고 양측 신문고를 통해서 문제 해결 바람페이몬 갤러리를 억지로 뒷담갤이나 좆목갤 프레임 씌우고 몰아가거나 싸우는 게시글,댓글은

분탕 차단함페이몬 갤러리 입장문 바로가기12. 념글 관련- 념글은 떡밥 진행됨에 따라, 내용이 악질인지 따라서 충분히 떡밥 진압 목적으로 완장 판단 하에 내려갈 수 있음- 원갤 념글은 기본적으로 게임글만 허용함_ 유머글이나 기사처럼 갤떡밥에 큰 영향을 주지 않는선에서는 허용-개추유도,추천조작,탬플릿

뇌절,허위 정보,정보글 원본 링크 없음,방역 뇌절, 원신과 관련없는 정떡, 망갤테스트, 매출표–념글 해제- 정도 심한 나볼없추, 이상성욕 컨셉 념글, 템플릿, 갓겜충, 억까충 - 념글 해제- 캐릭터 성능 대전은 갤 떡밥이 진압 안 될 정도로 커지면 념 해제- ~맘,~푸어,~까,~빠,좆거지,~충 등등 캐릭터 사용자 자체를 비난하는 글–념 해제- ㄴ자 화살표 놀이 뇌절하거나 특정인 네임드화 될 수 있는 내용, 하나만 념글 간 경우 모두 념글 해제13. 차단 부계정- 기존 차단 계정과 동일한 차단 일수 적용- 차단 중 부계로 분탕치면 가중처벌 되거나 심하면 갱차 까지 갈 수 있음14. 갱차 기준- 정도 심한 악질 어그로,좆목,테러 , 버거줄이나 여론조작을 위한 부계정 다중이,갱차컨셉- 30일 차단 기간중 지속적 부계 적발 및 같은 차단 사유 스택갱차목록공지 수정 문의나 차단 해제 해명은신문고2022-06-18 복원2022-07-07 이상성욕 짤 관련 차단 추가, 파생갤 바이럴 차단 추가2022-07-12 벌레짤 관련 차단 수정, BL 게이커플 차단 추가2022-08-09 수정 초안 작성2022-08-11 새 공지 사용2022-10-21 기준이 다소 모호했던 부분, 기존 공지에서 새 공지로 바뀌면서 서술이 누락된 부분 등을 고쳐씀2022-10-22 페이몬 갤러리 요청으로 관련 설명 추가2022-10-27 공지에 없던 혐짤 종류 추가2022-11-04 유출 스토리 스포일러 항목을 유출 낚시 항목과 하나로 병합2023-02-13 분탕탭 낚시항목 세분화2023-02-20 단순자랑 비틱 항목 호요랩, 타인캡쳐짤 추가2023-02-20 AI 어그로 관련 항목 추가, 도킹 - 스토킹 항목 세분화2023-03-23 타갤러리 관련 페이몬 갤러리 설명 추가2023-04-04 원신 파생갤 -> 원신갤러리 관련 분탕갤 단어수정-----------------------------------------------------------------------------------------------------------------------------------------------2023-07-16 차단 기준 변경 <https://gall.dcinside.com/m/onshinproject/100709442023-07-19 분탕갤 관련 추가 사항2023-07-31 중복문항 합치고 문장 다듬기2023-08-12 악질적 닉언 규정 추가2023-11-23 도킹응답 관련 규정 추가2024-01-24 셀넴드 관련 규정 추가2024-01-28 타 게임 떡밥 관련 규정 추가2024-03-21 목차 추가2024-06-01정도심한 이상성욕짤,생일념글 관련 조항 삭제갤미아 차단/분탕차단 추가뒷갤 활동 차단일수 30일->갱신차단으로 조정타갤에서 원신과 관련된 갈드컵/속칭 뚜기짓에 대한 차단규정 추가",떠내려가유 || 육법전서ㄷㄷ || 이게왜 끌올임 || https://m.dcinside.com/board/onshinproject/12398110이앰뒤련 저격처먹고도 롤글만 쓰는데 차단좀 || 좆병신겜에 걸맞는 좆병신겜에 겜안분 주딱파딱ㅋㅋㅋㅋㅋㅋ씨발 || 난 심심하면 갤규정을 읽고봐... || https://m.dcinside.com/board/onshinproject/12718671게이두창 || 10 비틱 자랑칸에 현실 비틱질이나 자랑하는것도 넣어주셈 || 3 || 완장아 본인 호연갤 전 파딱인데주딱이 그냥 갤 관리를 포기해서 정갤승급각이 니외버림.분팅갤 시즌 2가 개장될지도 모르니까 미리 대비 하는걸 추천함.그리고 갤을 못지켜서 피해가 생기게 된 점에 대해서 사과의 말을 올림...https://m.dcinside.com/board/hoyeon/40302 || 원신 사진 찍은거 자랑은 됨? || https://m.dcinside.com/board/onshinproject/13570501?recommend=1 || https://m.dcinside.com/board/onshinproject/13716732- dc App || 이왜끌올 || 오고고고고고ㄱ고고ㄱ고고@곡  - dc App
13747954,5 ~ 7월 환상극/나선/지맥제압전 (25/06/01수정),"1이미지 순서 ON마우스 커서를 올리면이미지 순서를 ON/OFF 할 수 있습니다.전반 - 원소전투스킬로 주는 얼음피해 75%후반 - 원소전투스킬로 주는 풀피해 75%2이미지 순서 ON3이미지 순서 ON전반 - 원소 에너지가 0일때 주는피해 75%후반 - 일반 공격으로 주는 얼음 원소 피해 75%4이미지 순서 ON5이미지 순서 ON전반 - 얼음속성 피해증가 75%후반 - 밤혼상태일때 피해증가 75%6이미지 순서 ON알아두면 좋은것1.환상극 유출에 초청캐릭터로 상시캐릭터가 들어가있으면 그 상시캐와 같은 속성인 한정캐가 그 자리에 들어갈수도있음(바위캐는 풀상시 타이나리가 들어가있을것)2.초청캐릭터에 4성이 3개면, 그중 하나는 5성캐로 바뀔 수 있음이",아니 초청 12월 데히야 또 있다고 씨발???? 적당히좀 해라씨발새끼들아 || 개쉽군 || 시발 12월 좆됐노 바람 ㅈㄴ 없네 || 물번개만 존나 뽑았는데 11월 개빡쎄보이네 || 와...나선갈 파티 말고는 잘안키웠는데 지금부터라도 좀 키워놔야겠네... 12월달 감전확산은 시발이네 진짜... || 번개가 핵심이노  - dc App || 뭐임 진짜 바뀐건가 완장이 어그로 끄는건가  - dc App || 혹시 나선도 이렇게 미리 볼수있는 글 있음? || 불 진짜 존나많네 || 하긴 얘네 입장에서 상시가 초청에 있어봤자 좋을 게 없겠네 || ㄹ || ㅗㄷ || ㅅ || ㅠㄷ || ㄹ || 이거 중간에 수정한거임? 10월28일에는 미즈키 정보없었자나 || 나선 드디어 정상화하네 좆니치 이새끼가 40~50퍼대에 있는거 부터가 ㅈㄴ심각함  - dc App || 4월5얼 환상극 업데이트좀 || 사나이눈물 약하다욕하지마 || 위기평정 이제 지맥제압전인가 그걸로 바꼈대
11882706,원신 갤러리 정보글 & 이벤트 모음,▶ 원신 갤러리 정보글 모음컴퓨터 환경일 시 보고싶은 배너를 휠클릭 해주세요.모바일 환경일 시 보고싶은 배너를 터치해주세요.1이미지 순서 ON2이미지 순서 ON3이미지 순서 ON4이미지 순서 ON5이미지 순서 ON6이미지 순서 ON7이미지 순서 ON8이미지 순서 ON──────────────────────────────────────────────────▶ 현재 버전 (5.5Ver) 불이 돌아오는 날~ 버전 상세 ~→ 업데이트 방송 다시보기(유튜브)└ 업데이트 방송 정리→ 업데이트 상세~ 버전 이벤트 ~▶ 영광의 꽃 대작전▷ 펑펑! 재능 대결▷ 리듬 공 메즈틀리편▷ 무한 격투 대회▷ 축성의 격류~ 기타 정보 ~→ 5.5버전 기원 모음9이미지 순서 ON──────────────────────────────────────────────────▶ Hoyoverse × Ufotable 애니메이션 프로젝트,정리추  - dc App || 이게머야 || 정보글에 꼬추문지르기 || 오 드디어  - dc App || 정보글 등록/수정/삭제 건의 및 개인호출은 해당 글 댓글에 달아주세요 || 모드 탭 개설한 김에https://m.dcinside.com/board/onshinproject/12037759https://m.dcinside.com/board/onshinproject/12041394이런거나 uid 없애는 가장 기본적인 모드들새로 정보글 모드란 신설 어떰?? || 머야 왜 올라오 || 역류했네 || 귀찮게 저런거 왜보냐 || https://gall.dcinside.com/m/onshinproject/12030160 || 주딱 차은우 닮았으면 ㄱㅊ || 왜 내려옴 || 연관사이트 추가신청가능? || 뜌따이...혹시 내가 쓴 거 정보글 추가 가능할까.. || 정리추 || https://gall.dcinside.com/mgallery/board/view/?id=onshinproject&no=12585735&page=1https://gall.dcinside.com/mgallery/board/view/?id=onshinproject&no=12831255&exception_mode=recommend&page=1https://gall.dcinside.com/mgallery/board/view/?id=onshinproject&no=12831377&exception_mode=recommend&page=1https://gall.dcinside.com/mgallery/board/view/?id=onshinproject&no=13250731&search_head=220&page=1 || https://m.dcinside.com/board/onshinproject/13185113추가예정 || https://gall.dcinside.com/mgallery/board/view?id=onshinproject&no=13386504&fcno=46279275https://gall.dcinside.com/mgallery/board/view?id=onshinproject&no=13387272&fcno=46280898https://gall.dcinside.com/mgallery/board/view/?id=onshinproject&no=13781699&search_head=220&page=1https://gall.dcinside.com/mgallery/board/view/?id=onshinproject&no=13830453&search_head=220&page=1 || https://m.dcinside.com/board/onshinproject/13912381이거 캐릭터 공략에 올려줄수있음? || https://m.dcinside.com/board/onshinproject/14070245 || https://m.dcinside.com/board/onshinproject/5509890이거이제 필요없나? 최근까지 타사이트에서 공략글로 자주 오르락내리락 하고있긴한데 뉴비때 도움됐다고 인용많이 하더라 || 왜 롤백을 하였느냐.. || 5.4업데이트 부탁드립니다 || 나타는 올릴만한 글이없나 5버전은 뚝끊겼네  - dc App
12968478,[현실 속 환상극] UID 지원 기재란,"1~3월 환상극/나선 정보https://m.dcinside.com/board/onshinproject/1374795411 ~ 2월 환상극/나선- 원신 project 마이너 갤러리초청캐릭터 데히야 타이나리 -> 리니 종려로 변경됨 초청캐릭터 모나 진 -> 아야토 한운으로 변경됨 ❗환상극 유출리스트에 초청캐릭터로 상시캐릭터가 들어가있으면 그 상캐와 같은 속성의 한정캐가m.dcinside.com지원 양식: uid/지원 캐릭터 돌파/재련 정도예) uid 800000001/라이덴 풀돌 어획 5재버전 변경대비 자신의 모든 5/4성 육성 캐릭터 스펙, 정보를 가능한 한 기재해주시기 바랍니다검색 시 PC버전은 CTRL+F,크롬 웹버전은 페이지에서 찾기로 원하는 캐릭터 검색공앱은 브라우저로 보기 를 통해 웹버전으로 전환","812121945바레사 풀돌 풀재말라니 풀돌 1재미코 풀돌 1재나히다 풀돌 1재요이미야 풀돌 1재카즈하 풀돌 1재시틀라리 풀돌 1재상시캐릭 각청 진 모나 풀돌그 외 한정캐릭 다수 명함~3돌 (남캐는 돌파 잘 안 하는 편 올컬렉이긴 함)조연 배치는 한정풀돌>상시풀돌>보유율 낮을 것 같은 캐릭 우선순위로 배치할 생각 || 812515222 / 소개글에 디씨 환상극<<< 넣어주세요불 : 클레 풀돌2재(현금) 호두 풀돌풀재,리니 풀돌풀재 마비카 풀돌2재물 : 코코미 풀돌풀재 야란 풀돌풀재 푸리나 풀돌풀재 느비 풀돌풀재 말라니 풀돌풀재 시그윈 풀돌풀재얼음 : 감우 풀돌풀재 신학 풀돌1재 아야카 풀돌2재 유라 풀돌풀재 시틀라리 풀돌풀재 || 839995640물 : 푸리나 c6r1불 : 마비카 c6r1풀 : 알하이탐 c6r4바위 : 나비아 c6r5, 실로닌 c6r1바람 : 한운 c6r5번개 : 미코 c6r1 클로린드 c6r5 바레사 c6r5얼음 : 신학 c6r3 아야카 c6r5 라이오슬리 c6r5 시틀라리 c6r1 || 843337965불 - 마비카 C6R5물 - 푸리나 C6R5 느비예트 C6R1번개 - 바레사 C6R5 클로린드 C6R1바람 - 차스카 C6R5 한운 C6R5얼음 - 라이오슬리 C6R5 시틀라리 C6R5바위 - 실로닌 C6R5 || Uid 808549319푸리나 풀돌 1재마비카 풀돌 2재시틀라리 풀돌 풀재나히다 풀돌 1재말라니 풀돌 1재시그윈 풀돌 1재아야카 풀돌 1재실로닌 풀돌 1재치오리 풀돌 1재신학 풀돌 1재아를레키노 풀돌 1재라이덴 3돌 1재기타등등 한성캐들 명전~2돌 - dc App || https://m.dcinside.com/board/onshinproject/14795420캐릭풀은 윗링크 참조8048428255자리 남음 || 837924808산고노미야 코코미 6돌5재 || 840089680 / 신학 미코 야란 푸리나 아를 시틀 마비카 풀돌 || 827045161  / 라슬 6돌 키니치2돌 푸리나3돌 || 841875170요이미야 풀돌 푸리나 풀돌 야란 3돌 마비카2돌 기타 명함5성캐릭 다수 || 라슬있으신분 도와주세요 || 824204569/차스카풀돌전무 푸리나2돌성현 실로닌2돌전무 시틀2돌천일밤 마비카1돌  - dc App || 1815814654 / 개뉴비 나비아전무 바레사전무 실로닌2돌전무 나머진 똥"
13998197,신문고,"1이미지 순서 ON마우스 커서를 올리면이미지 순서를 ON/OFF 할 수 있습니다.갤 문의, 제보용잘못한거 없는데 왜 차단함?<-데이터 껐다켜보기엄한데 꼽사리 금지https://m.dcinside.com/board/onshinproject/12212157파딱 가이드- 원신 project 마이너 갤러리https://m.dcinside.com/board/savedragon/11027 갤러리 관리법 - 저장용 마이너 갤러리통피제한 방법 갤러리 대문 오른쪽 관리버튼 <&m.dcinside.comhttps://m.dcinside.com/board/savedragon/11031갱차목록 메모- 저장용 마이너 갤러리alsl1029-갱신vbnm0123-갱신uiop0111-갱신shantefan-갱신gksquf205-갱신각청은 3티어-갱신minss4-갱신minis2-갱신saturn0123-갱신dnjscos44-갱신dnjscos2-갱신m.dcinside.comhttps://m.dcinside.com/board/savedragon/11030갱차목록- 저장용 마이너 갤러리https://gall.dcinside.com/mgallery/board/view/?id=savedragon&no=11523 ~100                        - 저장용 마이너m.dcinside.comhttps://m.dcinside.com/board/savedragon/11751UID- 저장용 마이너 갤러리숫자 순서대로 정리함60602735863625822978808001193658004367788006924498008346488009709348014446928017838418018849798022400818024452m.dcinside.com","ㅇㅇ(pqp5tqsmcjch) 다중이 분탕 적발이하 동일인 ㅇㅇ(v76yztz18q2r) || ㅇㅇ(crab6746) 포카리 2px이하 동일인 ㅇㅇ(mortal6690) || git(nshini) 정치갤에서 원갤 뒷담화, 30일 차단전적 다수 || https://m.dcinside.com/board/onshinproject/14865057https://m.dcinside.com/board/onshinproject/14865475https://m.dcinside.com/board/onshinproject/14865241방금 차단먹은애 어제도 장작 계속 넣었음 || https://m.dcinside.com/board/onshinproject/14869052 || https://m.dcinside.com/board/onshinproject/14869198 || https://m.dcinside.com/board/onshinproject/14869317갤순회 || https://m.dcinside.com/board/onshinproject/14869495잡담 || 사사게요 사사게요 신죠오 사사게요 || 대딸해줘 || https://gall.dcinside.com/mgallery/board/view/?id=onshinproject&no=14869812&page=1시발 완장"
14869851,"""그 검술은... 놈은 지금 어디에 있는거지?""",빨리 말해(말해도 못감),어딧는지 알면 거기 피해다니려고 묻는거임 || 근처에있으면 튀어야한다고 ㅋㅋㅋㅋ || 영왕궁 못가본 아이젠도 아니고ㅋ || ㅋㅋㅋㅋ
14869803,얘들아 나좀 축하좀 해줄 수 있어....?,1이미지 순서 ON마우스 커서를 올리면이미지 순서를 ON/OFF 할 수 있습니다.2이미지 순서 ON3이미지 순서 ON4이미지 순서 ON혼란한 사지절단 떡밥에오늘 둘 다 깨버렸어....나 너무 많은 일이 있었어....힘들다 진짜....,잘했어 화이팅... || 오 || 어그래그래 형은 진작에깼어
14869724,❗+스커크 팔다리 짤린 이유❗+,1이미지 순서 ON마우스 커서를 올리면이미지 순서를 ON/OFF 할 수 있습니다.2이미지 순서 ON3이미지 순서 ON4이미지 순서 ON5이미지 순서 ON6이미지 순서 ON7이미지 순서 ON8이미지 순서 ON,"JOAT || 신 청 || GOAT || 뭣 || 역시 섬 갈랐도르 개좆덴이랑 스케일이 다른 ""별 갈랐도르"" 대 황 청 || 대 황 청 - dc App || 역시청이야 || 옥형성 대단해 || 별부수는자 신청"
14869677,그래도 이건 못 이기면 개추,"https://m.youtube.com/watch?v=6gT2qzFLWnk원신 | 캐릭터 트레일러 - 「마비카: Blazing Heart」연료는 불이 계속 타오르기 위해 필요한 것으로, 나타에서 결코 바닥을 드러내지 않는 것이기도 하다.그 소망에 불을 붙여라. 불꽃이 영원불멸 타오를 수 있도록.——————————————————음악 출품: HOYO-MiX작곡: Dimeng Yuan(HOYO-MiX)노래: 미연((여자)...m.youtube.com​내 ❗+​❗+겐❗+풀❗+‼+악‼+셀❗+뿐❗+",나 아직 이거 안들어봤어 || 영어판은 괜찬은데 씨발 한국가수가문제인지 번역이 지랄난건지  - dc App || 나 이거 아직도 안봄 갤에 올라온 질풍가도버전만 봤는데 그게 pv라고 생각중 || 솔직히 보컬이 문제가 아니라 가사가 씨발ㅋㅋㅋ  - dc App || 나타를망친추녀 || 존나게 못부름진짜 ㅋㅋㅋ 가수를 골라야지 아이돌을 쳐골라서
14869660,"""히도이 하나시다""","1이미지 순서 ON마우스 커서를 올리면이미지 순서를 ON/OFF 할 수 있습니다.2이미지 순서 ON이 녀석은 멈추지 않는다.한계는 찾아오지 않는다.그런 것은 진작에 뛰어넘어버렸다.왜냐하면, 이 녀석이 잘라내 버리려 하고 있는 것은진작에 내가 아니게 되어버렸다.3이미지 순서 ON알고 있고말고……!그 꼴사나움을, 나는 잘 알고 있다…….마음은 꺾이지 않는다…….단 한 번의 패배를, 포기를 용납하지 않았던 남자를 잘 알고 있다.4이미지 순서 ON만인을 구하기 위해 발버둥 치며,그 이상을 누구와도 이해할 수 없었던 추악한 정의의 모습을……!잘 알고 있다……!!5이미지 순서 ON구할 수만 있다면 괴로움에 빠진 사람들을 모두 구하는 것은 불가능한 거냐며……너무도 죄가 깊은 그 모습을……!!6이미지 순서 ON7이미지 순서 ON8이미지 순서 ON이길 수 없다는 걸 알면서도……의미가 없다는 걸 알면서도……더욱이 도전하는 그 모습…….그야말로 나의 과오가 틀림없다.9이미지 순서 ON그렇건만, 어째서……!!10이미지 순서 ON……아니, 마찬가지다.네놈도 나와 마찬가지로 절망할 것이다!11이미지 순서 ON12이미지 순서 ON얄궂은 일이로군,마음보다도 마력이 먼저 꺾여버렸나.어쨋든, 에미야 시로의 싸움은 이걸로 끝이다.13이미지 순서 ON그래…… 너는 옳아,내 마음은 가짜다.……하지만, 아름답다고 느꼈어.14이미지 순서 ON자신보다 타인이 중요하다는 것은 위선이라는 걸 알고 있어.그럼에도, 그럼에도……그렇게 살아갈 수 있다면 얼마나 좋을까 하고 동경했어.내 인생이 모조품이라고 해도,모두가 행복했으면 하는 바람은 분명 아름다운 것임에 틀림없어……!15이미지 순서 ON나는 잃지 않는다…….어리석었다 하더라도 되돌리는 일 따윈 하지 않아……!내가 마지막까지 가짜라고 해도…………!!16이미지 순서 ON이 꿈은 결코……!!잘못된 게 아니니까!!17이미지 순서 ON18이미지 순서 ON19이미지 순서 ON지독한 이야기다.20이미지 순서 ON오래된 거울을 비추고 있어.21이미지 순서 ON이런 남자가 있었지…….",근데 이거 원문임? || 키즈츠쿠노가 사다메다토시테모 || 언리미티드 블레이드 워크스 || (라스트 스타더스트 브금) || ㅇㅂ || 페이트 시리즈 중 저거는 유일하게 봄 || 어이 그 앞은 지코쿠다 || 쟤세 먼 상황임? 누가 설명좀 || 내가 오타쿠는아닌데 페이트스테이나이트언리미티드블레이드워크스는 인죵;; || 유포테이블을 저걸로 접함 || 나올 줄 알았다  - dc App || 방금 이장면 봤는데 || 솔직히 이거 중딩때도 오글거려서 안봄
14869472,"사촌여동생이랑 ""게임""을 했어요","얼마전 사촌 여동생이 놀러왔습니다. (근데 얘가 한 미모 좀 해서 단 둘이 있을떄 저도 모르게 긴장하게댐)​​어려서 부터 같이 원신 하면서 자란 사이인데매해 명절때만 보다가 오랫만에 이렇게 만나니 반갑더군요그날 저녁 같이 원신 얘기를 하며 술을 마셨습니다.원래 제 얼굴만 보고 가려고 헀다가 하필 그날 폭풍우가 휘몰아치기 시작해서 자고가기로 했죠.할것도 없겠다 제 사촌 여동생이랑 원신을 하기로 했습니다.저는 멋진 모습을 보여주려고 일부러 나선비경 병신파티를 골라 멋진 플레이를 보여줬씁니다.그때였을까요? 사촌 여동생이 저를 보는 눈빛이 변하고 술을 마신거 치곤 얼굴이 매우 붉더군요.음란마귀처럼 변한 사촌 여동생이 자기가 더 재미있게 게임을 하는법을 알려주겠다고 말했습니다.그리곤 갑자기 제 옷을 벗기기 시작했죠.저는 몹시 당황해서 아무것도 할 수 없었습니다.제 옷을 다 벗긴후 100원짜리를 제 후장에 넣더니저의 존슨을 스틱처럼 이리 저리 흔들고 저의 파이어에그를 마구 연타하기 시작헀습니다!!!저는 당황스럽기도하고 부끄러워서 마구 소리쳤지만마치 헨타이의 신에 씌인것같은 사촌 여동생은 게임 배경음이 신나다고 마구 웃기 시작했습니다.그렇게 깔깔 웃던 사촌 여동생이 ""오빠 2인용도 가능해"" 라며 갑자기 옷을 벗었습니다.무슨말인지 몰라 어안이 벙벙 하던 제 손을 잡더니 자기 가슴에 갖다 대며 말했습니다.""여기 게임 스틱 2개가 있어...그 말인 즉 자신의 가슴이 조이스틱이란 거고 꼭지가 버튼이라는 것 이었습니다!!!사촌 여동생 가슴에 손을 갖다댄 저의 조이스틱은 더욱 커져버렸고사촌 여동생은 만족해 하는것 같았습니다...그날밤 저희는 밤새 그렇게 게임을 했습니다....이년의 사촌 여동생은 가라는 집에 안가고 계속 저희집에서 밤마다 게임을 하자고 요구하고있습니다....솔직히 피곤해 죽겠어요... (어이! 사실은 기분 좋은거 아니야???? <--- 퍽!! 질질 끌려간다)써보니까 점점 원신이랑 관련 없어져 가네내가 생각해도 노잼 소설비추나 눌러","누가 저 사진 uid 분석 좀 해봐 || 사촌 여동생이 몇살인데 || 념글에버려야지 || 일닺개추누름 || 마평 || 진짜 재미없다 || 믿겠다 넌 작가가 아니군 || 원평 || 뭔가 ㅎㅎ...^^,,,이런거 붙이면 딱 영포티 감성이 느껴질만한 글이다 || 새로운템플릿제공감사합니다 || 비추를 마구 연타하기 시작헀습니다!!!!!! || 후장에 넣은게 코인이구나... || 글쓴이 49세, 사촌동생 46세 || 나만볼수없다"
14869449,???:스커크가 불법체류자였다고?,씨발련아- dc official App,지금 트럼프가 딱 이나즈마 쇄국령스탠스 아님? || 트럼프 1돌은 예외임 || 역시 티바트 불체자는 트황 || 훅들어오네 ㅋㅋㅋㅋㅋㅋ
14869446,단편애니 푸리나 장면,,새삼 가슴 납닥하네 || 저때는 사형 당하기 전이네ㅋ기 || 내아내임 || 단챠 3성 || 질내사정  - dc App
14869443,맞는게 하나도 없네 병신들 ㅋㅋ,13일이라더니 왜 오늘 나오냐 ㅋㅋ,저긴 시차 24시간 나나봄 || 러샤 찌라시는 믿거해야겠네  - dc App
14869399,느비가 푸리나 보는 마지막 모습인것 같으면 개추,,여행자오기 전 시점같은데 || 잘쓸게 느비야 || 잘쓸게요 느비예트씨
14869397,애니 하이라이트.JPG,,역시 디테일의 호요버스야 || 진짜 변태다 || 와 빵 ㅋㅋㅋ || 한남 || 고추쏙구멍; || 웜메 시발ㅋㅋㅋ || 오
14869379,seele) 5.8 신캐,"1이미지 순서 ON마우스 커서를 올리면이미지 순서를 ON/OFF 할 수 있습니다.출처#seele[GI 5.8 딥베타]이녜브원소 전투 스킬(E): [xx]을(를) 소환하고, 동시에번개 보호막을 생성함. [xx]은(는) 푸리나의 소환수처럼 적을 자동으로 추적하여 공격함원소 폭발(Q): 광역번개 피해를 주며, 이녜브의 원소 스킬의 [xx]을(를) 다시 소환하고 지속 시간을 갱신함고유 특성 1(A1): 파티 내 캐릭터가 유발한 감전 반응은「월감전」(Luna-Electro-Charged)으로 대체됨기존 감전 반응 효과는 무시되며, 적 머리 위에번개 구름을 생성해 지속적으로 「월감전」 피해를 줌피해는 반응을 유발한 캐릭터의원소 마스터리, 이녜브의공격력,치명타 확률,치명타 피해를 기반으로 계산됨고유 특성 2(A4): 이녜브의공격력 일부가 현재 필드 캐릭터의 원소 마스터리로 전환정보 제공 감사합니다 #Kokomi출처#hxg제 생각에 그녀는 키니치&에밀리 같아요.6.0 성인 남캐와 팀을 이루세요.",신 코 미 || 코코미꺼 가져왔네ㅋㅋㅋ  - dc App || 코코미자나  - dc App || 아를레키노 과부하 번개보호막 셔틀로 써야지ㅋㅋㅋ - dc App || 얘랑 올로룬 푸리나 셋이 쓰려나 콜롬비나 물감전메인딜인가 설마  - dc App || 번개곡고무잖어 || 유출러 이름이 코코미인게 개웃기네 || 이녜브의 공격력 및 치명 계수(치명타 확률/피해)를 기반으로 함 <ㅡ 닐루도 이거 붙여 주겠지? 류웨이년이 양심이 털끝이라도 있으면 ㅇㅇ? || 야에미코 관짝ㅋㅋㅋㅋㅋㅋ || 코코미 메인딜 쓸수있냐? || 걍 5성 피슬 아니노 || ㅁㅊ || 왠지 풀캐넣으면 너프되는식으로 나올것같은데 || 특수반응 고점 너무떨어져서 스펙이랑 연관되게 저렇게 설계하나보네 || 이렇게만 보면 구릴거같네 || 고정조합 생긴 장난감이려나 || 다른건 모르겠고 종려 시틀라리처럼 쿨보다 지속시간 긴 보호막이길 범용쉴더 개꿀 || 그냥걸러야지  - dc App
14869366,원신 | 단편 애니메이션 「속세를 떠도는 수정별」,"https://youtu.be/KZ0QvY8i488?si=y1UIWOcf_QEMFIF3고개를 들자, 만물을 품고 있는 짙은 어둠의 장막이 눈 앞에 펼쳐진다. 곧 뇌리를 스쳐가는 수많은 감정이 의문으로 응집된다.해와 달은 어디로 돌아가는 걸까? 별들의 배열은 어떤 의미를 품고 있는 걸까? 광활한 우주와 끝 모를 시간 앞에서 인간이라는 존재는 너무도 초라해진다.그러나, 기나긴 여정을 견뎌내어 영원히 잊혀지지 않을 기적을 만들어 내는 존재가 바로… 그 초라한 인간이다.",진짜네 || 이왜진 || 왜진짜임 || 와 팔다리 짤린거 나오네 ㄷㄷ || 큰거 입갤 ㅋㅋㅋ || 오 || 똥짤ㅇㄷ  - dc App || 내일 나온다매 유출러 십새끼들아 || 오 || 왜진짜나옴 13일이라더니 || 이게 진짜네 || 나 이기려면 내 길 따라와라 라고 말하는게 스커크 사지 절단낸 원수 같은 놈인가?
14868971,homdgcat) 스커크 경직 저항력 너프 (내용 추가),"1이미지 순서 ON마우스 커서를 올리면이미지 순서를 ON/OFF 할 수 있습니다.「원신 5.7」 스커크의 경직 저항력이 약화되었습니다(재게시)#니코걸 #原神homdgcat.wiki/gi/char/114v5 일곱빛 섬광 모드 경직 저항력이 0.15에서 0.3으로 변경되었습니다.즉, 행추의 2배(0.15)에서 행추(0.3)로 변경되었습니다.또한, 6번째 돌파의 경직 면역 효과가 삭제되어 이제 6번째 돌파에 추가로 경직 저항력을 제공하지 않습니다.2이미지 순서 ON경직 저항력• 일곱빛 섬광 모드:0.15->0.3(v5 이후 행추와 같게 너프)• 홀드 E:0.2• (C6) 극악기·참 스택 보유 중:경직 면역->추가 경직 저항력 제공 없음(v5 이후 너프)",아니 벌써 한쪽팔 날아가면 어쩌노 || 갑자기 왜 이러는거냐 6돌까지 너프한다고? || 멀 의미하는 너프일까 || 풀돌 너프는 애미없는데 || 진짜 다리사지절단했네 || 풀돌은 또 왜건드리지 || 궁이나 쓰란소리같음 || 걍 궁딜러 원툴로 쓰라는뜻 || 풀돌은 원래 경면 없었는데 개소리노 || 저건 궁쓸때 경면 없다는거라 걍 의미없음 || 고증 살리려고 진짜 사지절단 해버리는거임? || 저게 정상이지 ㅋㅋ 0.15가 뉘집 개이름이노 || 느금마 || 0.3도 너무 높은데? 딸딸이처럼 활베이스도 아니고 검들고있는데 딸딸이보다 보정치 낮은게 공평함 || 평타 치지 말란거네 || 결론: 좆도 아니다 || 팔다리 없으니 가벼워야지ㅋㅋ || 모나써야제 || '고증'
14868890,나히다 야설.txt,"“안 돼, 안 돼. 넌 내 현자야. 이건 신성모독이라고.”“너의 음경을 내 질에 꽂으려고 하면 안 돼!”나히다는 빨개진 작은 얼굴로 고개를 저었지만 괴로워 보이는 여행자의 표정을 보고 있으니 걱정도 됐다.“너한테 이걸 부탁해도 될까…? 어차피 꿈속이라 우리만 알 텐데…”“그럼, 이번만이야…”여행자의 바지가 벗겨지면서 거대한 자지가 튀어나왔다. 막대기 모양의 그림자가 그녀의 얼굴을 가리고 있었고, 나히다는 약간 놀란 표정이었다.“음… 질을 보지, 음경을 자지라고 해야 하나. 그럼… 여행자의 자지, 자지가 엄청 크네… 그 다음엔…. 응! 핥아줄까?! 그럼… 암♡…”나히다는 작은 입을 가장 크게 벌렸지만, 이상하게 입 안으로 들어갈 수 있는 것은 귀두뿐이었다.“그냥 빨지만 말고, 입 안에 넣었다가 빼면서 핥으려고 해봐.”여행자는 나히다의 작은 머리를 받치고 나히다의 목구멍에 자지를 부드럽게 들이댔다. 어린 신의 몸은 꽤 강했던 것인지, 여행자의 자지의 3분의 2 정도가 삼켜지고 나서야 눈이 돌아갔다.나히다의 이빨은 요도와 귀두 끝부분을 긁어 여행자가 편안하게 숨을 들이쉬게 했고, 나히다의 화난 눈빛을 바라본 여행자는 멋쩍게 웃으며 그녀의 뒤통수를 더 이상 누르지 않았다.그러나 나히다는 화가 단단히 난 듯, 두 손으로 여행자의 허벅지를 붙잡고 허리를 움직여 입안의 자지를 이리저리 빨기 시작했다.어린 신의 기술은 점점 더 능숙해졌고, 혀는 그 속에서 끊임없이 귀두를 자극했다.오늘에야 여행자는 비로소 한 가지 일을 알게 되었다. 신의 꿈속에서는 사정을 할 수 있다는 것을.나히다의 입은 정액으로 가득 찼다. 새어나온 정액을 손바닥에 받아 들고 손을 앞으로 내밀어 줄을 당기는 모습에 여행자의 자지가 다시 발기했다.“이게 구강성교인건가…”나히다는 눈물맺힌 얼굴을 살짝 찡그리며 정액으로 얼룩진 입 안과 손을 여행자에게 보여주었다.“맞아. 그리고, 이제 천천히 먹어봐.”“너무 써…” 나히다는 입을 오므렸다. 그러자 삼키는 소리가 났다. “그래도 네 자지는 제대로 청소해야지.”나히다는 혀를 내밀어 아이스크림을 핥듯 뿌리부터 귀두까지 묻은 모든 정액을 입으로 핥았다.“나히다!”여행자가 덮쳐들어 나히다의 치마를 젖혔는데, 꿈속의 햇빛이 그녀의 젖어있는 보지를 비추고 있었다.사방이 부드러운 매트리스로 바뀌었고, 나히다는 고개를 돌려 여행자의 뜨거운 시선을 피했다.""응… 준비됐어… 나의 현자♡""나히다의 눈물 맺힌 눈이 여행자와 마주쳤고, 빨개진 작은 얼굴은 행복한 미소를 지으며 여행자를 향해 두 손을 내밀었다.“이게 너가 나에게 감정을 표현하는 방식이라면… 잘 받아줄게….♡”나히다의 두 손은 여행자의 큼직한 손바닥과 깍지를 꼈고, 금발의 소년은 침대 옆에 서서 나히다의 다리를 무릎으로 벌려 연분홍색의 보지를 바깥으로 노출시켰다.""이상한 느낌이 들어…♡ 내 보지가♡… 너의 자지를 원하고 있어…♡""나히다의 가벼운 목소리는 여행자에게 들리고 싶지 않은 모양이었다.하지만 금발의 현자는 지혜의 신의 계시에 따라 아무것도 모르는 보지에 자신의 거대한 자지를 들이댔다.예상 외로 보지에 귀두가 전부 들어갔고, 자지가 들어오면서 나히다의 아랫배에도 자지의 자국이 보였다.""으아앙♡…이게… 섹스♡……인가? 아앙♡… 또♡… 새로운 지식♡…을 배웠어!""둘이 이어진 부분에서 붉은 피가 흘러나와 여행자를 놀라게 했다.""헤헤… 가능하다면 꿈을 실현시키고 싶어… 으응♡… 갑자기 움직이지 마♡… 아파앗♡…""나히다의 눈가에는 눈물이 흐르고 있었지만, 얼굴에는 기쁨의 미소가 떠나지 않고 있었다.""500년 동안 나는 이 낯선 세상을 접해 본 적이 없었어. 흐읏♡, 너가 나를 새장에서 해방시켜줬어, 하읏♡, 날 바라봐줘♡, 나♡… 나의 현자♡….""나히다는 부끄러움을 떨쳐버린 듯 가쁜 숨을 몰아쉬며 애틋한 고백을 늘어놓았고, 그녀의 순수한 말들은 시시각각 여행자를 자극해 그의 심장을 두근거리게 했다.꽉 조이는 보지는 자지를 단단히 감싸고 있었고, 자지가 꽂힐 때마다 가장 깊은 곳까지 도달하며 자궁과 키스하고 있었다.""...나의 현자♡ 나 같은 신이 아기를 낳을 수 있을까♡ 그래서... 읍...♡""나히다의 작은 몸에 경련이 일어나며 조수가 뿜어져 나왔고, 그녀는 한번에 말을 끝낼 수 없었다.""꿈에서 깰 때까지♡…""여행자는 나히다의 허리를 꽉 잡고, 엄청난 양의 정액을 나히다의 자궁 속에 쏟아부었다.나히다는 침대에 누워 입을 벌리고 숨을 헐떡였다. 정액이 넘쳐흐르는 빨갛게 부은 보지에 작은 손을 갖다대며, 그녀의 곁에서 여전히 자지를 세우고 있는 여행자의 시선을 집중시켰다.그녀의 애액과 그의 정액이 섞인 자지가 그녀의 입으로 들어와 말을 끊었다.""정말… 아앙♡"" 나히다가 고개를 들어 비린내나는 자지를 입에 물고, 점점 능숙해진 혀는 정액을 모두 삼켰다.""일단 나도 신이라구….""""한 판 더 하자♡""나히다는 몸을 세우고 손가락을 입가에 문지르며 미소를 지었다.",아오 남미새년 || 한남새끼 || 이야 || 페도페도야...  - dc App || 간만에 자연발기함 - dc App || 섹스의신답군 || 미친새낀갘ㅋㅋㅋㅋㅋㅋ  - dc App || 이게 념글이지 시바 ㅋㅋㅋㅋㅋㅋ 발기했다 || 무사정발기함 || 브라보(지) || 야설왜보는지 이거보고이해함 || 이왜진? || 솔직히 꼴렸음
14868748,이것좀 ‘바바라’~ ㅋㅋㅋ,아 하지 ‘말라니’까~ㅋㅋㅋㅋㅋ‘진’‘남연’끓여 먹을 사람? ㅋㅋㅋㅋㅋㅋㅋㅋㅋㅋ,뭐라는거야비~ || 홍평 || 진남연에서 터지네 || 홍평 || 이건 호재야 || 이게 그 영포티 개그코드맞노 || 아를레키노 : 아 놀래키노 ㅋㅋㅋ
14868698,나히다 사지절단,"나히다,사랑해지켜줄게절대 놓지 않을거야단단해졌어",그래서 나히다 사지절단 ㅇㄷ || 들고오도록  - dc App || 에휴 || 나평ㅋㅋ || 어디가 단단해짐? || 단단ㅇㅈㄹ ㅋㅋㅋ || 막줄에서 눈물을 흘리며 개추
14868580,하도시발 사지절단 사지절단 거리는념글봐서 그런가 절단으로 보이냐,순간 닐루다리보고 ㅅㅂ?????????? 생각듦,ㅋㅋㅋㅋㅋㅋㅋㅋㅋㅋㅋㅋㅋㅋㅋㅋㅋㅋㅋㅋㅋㅋㅋㅋㅋㅋㅋㅋㅋㅋㅋㅋㅋㅋㅋ || ㅅㅂ니땜에나도그렇게보이자나 || 듬 x 듦 o  - dc App || 닐루는 사지절단이 어울려 || 헉 - dc App || 오좀꼴 || 아 ㅅㅂ 나도 이제 그렇게 보이자나 || 오 || 닐끼야악 || 진짜 굴단해버린줄 알았잖아 || 코코미시발년 아기공장 도망칠까봐 다리한짝 잘러놨네 소름끼치는년... || 이 작가는 잘그리는데 뭔가 올드하네 왜지  - dc App
14868572,안녕하세요이미야 가 재밌으면,잘가라이덴쇼군 도 재밌겠네,ㅋㅋㅋㅋㅋㅋㅋㅋ  - dc App || 신고함 || 그 발상이 더 웃기노ㅋㅋㅋㅋㅋㅋㅋㅋㅋㅋㅋㅋㅋㅋ || zzz || ㅋㅋㅋㅋㅋㅋㅋㅋㅋㅋ || 느금마비카 || ㅋㅋㅋㅋㅋㅋㅋㅋㅋㅋㅋ || 아침에 이런 개꿀잼 갤이었다니 || 고추엔 나비아그라 || 가세요라이덴쇼군
14868518,안녕하세요이미야 <- 요즘 제가 미는 밈인데 어떰?,넌 그냥 나가노하라도 있음,밥먹었수산시장 || 안녕하세요요 || 작성자 요즘 내가 절벽에서 미는 애임 || 나가주그삼칠이 || 웃기는쇼군  - dc App || 너그냥나가노하라 || ㅋㅋ || 지랄하지마덴 || 아이고 배야~~ ㅋㅋㅋㅋㅋ  - dc App || 웃긴데? || 작성자 지절단 || 넌 그냥 나가노하라는 좀 웃기네 || 넌 나가라이덴 || 염병하노드크라이  - dc App
14868349,키라라에요,채색하기시러요,색칠할때까지숨참음 || 찌삐찌삐 쨔빠쨔빠 || 내아냐 || 키라라 아스카 - dc App || 입구녕 그냥 마렵내 진짜 || 잘썼어요 - dc App || 완성시켜조 || 채색ㅜㅜ  - dc App
14868104,ㅅㅂ 이게 말이됨? 개쳐어이가없노 ㅋㅋㅋㅋㅋㅋㅋㅋ,눈동자 하나 먹기도 힘드노 야발감동실화 지금 1분동안 멍때림,ㅋㅋㅋㅋㅋㅋㅋㅋㅋㅋ || 달처럼 공전하노ㅋㅋㅋㅋㅋㅋㅋㅋㅋㅋㅋㅋ시발 || ㅋㅋㅋㅋㅋㅋㅋㅋㅋㅋㅋ || ㅋㅋㅋㅋㅋㅋㅋㅋㅋㅋㅋㅋㅋㅋㅋㅋㅋㅋ || 모기카 ㅋㅋㅋㅋㅋ || 차스카를써 || ㅋㅋㅋㅋ || ㅋㅋㅋㅋㅋㅋㅋㅋㅋ 개짜치네 || 님아 이럴때 똥게이 방랑자 사용하는거삼  - dc App || ㅋㅋㅋㅋㅋㅋㅋㅋㅋㅋㅋㅋㅋ || ㅋㅋㅋㅋㅋㅋㅋㅋ 대웃기네  - dc App || 결계인가 || 미치겠네 ㅋㅋㅋㅋㅋㅋㅋㅋㅋ || 차스카로 먹으면 쉬움 || ㅋㅋㅋㅋㅋㅋㅋㅋㅋㅋㅋㅋㅋㅋㅋㅋㅋㅋㅋㅋㅋㅋㅋㅋㅋㅋㅋㅋㅋㅋㅋㅋ || ㅂㅅ ㅋㅋ || ㅅㅂㅋㅋㅋㅋㅋㅋㅋㅋㅋㅋ  - dc App || ㅋㅋㅋㅋㅋㅋㅋ나도 저런적있어서 개웃기네 ㅅㅂ ㅋㅋ || 능지이슈가 또 || 개허접원붕wwwwwww || ㅋㅋㅋㅋㅋㅋㅋㅋㅋㅋㅋㅋㅋㅋㅋㅋㅋㅋㅋㅋㅋㅋㅋㅋㅋㅋㅋㅋㅋㅋㅋ || ㅋㅋㅋㅋㅋㅋㅋㅋㅋㅋㅋㅋ || 불의신이 아니라 몸개그의 신임 || 머하농ㅋㅋㅋㅋ || 진짜 개짜치네 ㅋㅋㅋㅋㅋㅋㅋㅋㅋ || 머하노 ㅋㅋ || 천동설 지동설 마동설 || ㅋㅋㅋㅋㅋㅋㅋㅋㅋㅋ || 저렇게 일부러 하기도 힘들겠다 씹 ㅋㅋ || 개짜치노 || 하아? || 존나웋기다ㅋㅋㅋ || 실력 지리노 || 아오 짜쳐 ㅋㅋ || 올로룬이나 시틀로 강점프하면 먹어질 것 같은데 || 함날아? || 마비카 이동기 좆사기긴한데 조작감 좀 구리긴함 || ㅋㅋㅋㅋㅋㅋㅋㅋㅋㅋㅋㅋㅋㅋㅋㅋㅋㅋㅋㅋㅋㅋㅋㅋㅋㅋㅋㅋㅋㅋㅋㅋㅋㅋㅋㅋㅋㅋㅋㅋ || 평지 공중 물 위 절벽 다 되는건 좋긴한데 평지 외에는 안 멈추고 계속 부스터 켜고 이동하니까 불편함 || 시발 이게 더 힘들겠다 ㅋㅋㅋㅋㅋㅋㅋㅋㅋㅋ 신의 눈 히트박스 존나큰데 조작감 개병신으로 저렇게 하는 게 더 신기함 || 시틀라리 점프꾹이면 끝인데 ㄹㅇ  - dc App || ㅋㅋㅋㅋㅋㅋㅋㅋㅋㅋㅋㅋㅋㅋㅋㅋㅋㅋ || 눈동자 주위 공전하고있네ㅋㅋㅋㅋㅋ || 씨발 뭔 공전함? ㅋㅋㅋㅋㅋ || ㅋㅋㅋ - dc App || 조작감 개씹JOAT || 뭔 서커스를 하고 있노ㅋㅋㅋㅋㅋㅋㅋㅋㅋㅋㅋㅋ  - dc App || 역시 나타의 신 마비카 키니치처럼 줄도 쓰네 || 운전 좀 하노ㅋㅋ || 아니 근데 마비카가 유달리 잘 못 먹음 회전 조작감은 거의 통통배수준 || 드리프트~ || 너는 운전하지마라 진짣 || 키니치 쓰면 쉬움 || 근데이거 나는거 조작감 좆같긴해 || 님아 앞키를 눌러요 || 차스카 쓰면 쉬움 || 마비카 이동기만큼 익숙해지면 ㅈ사기가 없는데 조작감 익숙해지기가 빡세긴함
14868081,어떻게 파티 컨셉이 '짤림' ㅋㅋㅋㅋㅋㅋㅋㅋㅋㅋㅋㅋㅋㅋㅋㅋ,1이미지 순서 ON마우스 커서를 올리면이미지 순서를 ON/OFF 할 수 있습니다.대통령에서 짤림2이미지 순서 ON직장에서 짤림3이미지 순서 ON파티에서 짤림4이미지 순서 ON팔다리가 짤림ㅋㅋㅋㅋㅋㅋㅋㅋㅋㅋㅋㅋㅋㅋㅋㅋㅋㅋㅋㅋㅋㅋㅋㅋㅋㅋㅋㅋㅋ,내아내 합격 || 푸석열 ㄷㄷ || 중운이었으면 국대팟에서짤림 ㄷㄷ  - dc App
14868034,스커크 놀이하는 콜레이,,뒤에서 박고 싶다 || 귀여워 || 콜레이는 저런상태로도 몬드의 모든 사람을 죽일 수 있긴하지 || 공식인줄 || 비켜봐 아 씨 비키라고 해볼게 급함
14867983,사장님! 말씀대로 스커크 팔다리 다 짤라서 냈습니다!!,성능 팔다리 자르랬잖아!!!,또 치오리꼴 낼려고 || 성능은 안된다  - dc App || 성능 팔다리 자를거면 돈벌생각없나
14867977,찾아보니까 미호요가 은근 그런 요소가 있긴 했네,그냥 원신 차례가 온 것 뿐이구나,공각기동대 보고 이상한 성벽생긴 새끼들만 모였나 - dc App || 오 || 역시 진짜 십덕들이 모여서 만든게임답다니깐ㅋㅋ || 청의도 있었네 || 이거도 수상해보이잖아 || ㄹㅇ.. || 인체의신비 || 2짤누구임? 청의라고하기엔 청의는 초록머리잖아 || 나도 남는헤르타 하나만 || 위에는 그나마 인형 이긴 한데..  - dc App || 밑에거는 머야 - dc App
14867969,외국인들도 스컹크 사지절단 떡밥 물었노,세상 사람 사는 곳 다 똑같다,우리만 머라하지마 쟤네가 더하네 || 양키들이 수위 더세다고 || 퀸 네버 크라이 || 띵호잉루 ㅋㅋㅋㅋㅋ
14867955,원붕이 이 씨발놈들은 지켜야할 선을 못지키노 경계선 장애 있노,야 이 개새끼야,왜 화내고그래~ || ㅋㅋㅋㅋㅋㅋㅋㅋㅋㅋㅋ || 과몰입 ㄴ || 스커크도원갤하노 || 긁? || ㅋ || 정신병자들이 그렇지 뭐 || 스커크 안녕
14867939,원부이 다이어트 하고올게 흐흐,순식간에 30키로 뺄 방법이 생각남 흐흐,die 어트네 || 원부이거 하면 그냥 쿠션 된대 || 저어는 기어 다닐거에요  - dc App || 10+1+10+1+5+3.5 || 버기노? || 50kg겠지 || 최대 29키로 덜 수 있는거 아닌가 || 5킬로만 줄여도 될것같아 || 닉부이치치식 다이어트 ㄷㄷ
14867938,나비아 애비는 진짜로 사지절단당하고 죽었잖아,심지어 얜 팔다리 붙히지도 못했음- dc official App,헤이헤이헤이 || 클로린드 이 미친새끼 || 나비아 애비가 1.5초만 더 버텼어도 클로린드가 그렇게 되진 않았을텐데 || 악을 쏜다! || 쨔잔 그림자 사냥 깍둑썰기~  - dc App || 아 || 자백할 시간이다 || 아 ㅋㅋ
14867918,"스커크: 각축(월,목,일) 전무재료(수,토,일)","* 스커크 전설임무/체험보상 재료전설임무: 구름바위꽃 30개, 그윽한 눈의 뒤얽힌 응시 6개체험보상: 구름 바위꽃 3개1이미지 순서 ON마우스 커서를 올리면이미지 순서를 ON/OFF 할 수 있습니다.2이미지 순서 ON3이미지 순서 ON4이미지 순서 ON그윽한 의태식물 보스 위치5이미지 순서 ON스커크 재료 구름바위꽃 위치6이미지 순서 ON특성 1개를 만렙으로 찍기 위해 필요한 재료들각축 특성 요일은 월/목/일7이미지 순서 ON몬드 체스 보스는 반드시 미리 돌아둘 것!8이미지 순서 ON톱니바퀴 재료주는 태엽 장치9이미지 순서 ON무기 돌파 소재는 수/토/일10이미지 순서 ON무기 재료를 주는 그윽한 의태 잎뭉치11이미지 순서 ON무기 재료를 주는 부족 용 무사",떡밥을 돌리려는 파딱의 처절한 몸놀림 || 무기재료는 출시일에캐야지  - dc App || ? 필드보스 저거 맞노? || 스커그 비밀근원기계임??? 근데 그림은 허계몹드랍템인데 || 야 그거 에피건데 || 갤떡 환기를 위한 온몸 비틀기 || 또름바위꽃이네 || 이건 유익하네요 || 퀘스트로 주간 보스 재료 몇개 던져줄테니 다캐지마셈 || 미리캐놧지롱 || 이미다캤지롱 || 와드 || 이미 다 돌았지롱 || 뭐하는거야? 이런건 이미 다 캐 놓은거 아니었냐고  - dc App
14867898,어? 스커크 어릴 적 사진엔 팔이 살색이네?,앗... 미. 미안..지금은 심연의 힘으로 만든 가짜 팔이라 했지?,와시발 이새낀 진짜 이럴듯 || 이새낀 진짜 이럴거같네 || 100퍼 이럴듯 ㅋㅋ  - dc App || 고증 || 이 십새끼 || 페이좆 씨발 ㅋㅋ || 페이좆시발ㅋㅋ || 시발ㅋㅋㅋㅋㅋㅋ이게젤웃기노 || ㅋㅋㅋㅋㅋ || 팩트) 얘는 진짜로 합니다. || 아 시발이새끼 진짜 이럴것같아서  - dc App || 앰창몬 ㅅㅂ || 사지절단도 나왔겠다 노드크라이 에서 이년좀 줘 패줘..  - dc App || 페이좆 앰창몬 페미몬 || 개좆몬 ㅋㅋ || 페이몬은 강냉이간수를 잘해야겠네 || 뇌내 자동재생되네 ㅋㅋㅋ || 이 새낀 진짜로 이럴거같아서 무섭네 ㅋㅋㅋ || 왜 대사가 들리냐ㅋㅋㅋㅋㅋ 전임 더빙 유출된거임?? || 스포당했다  - dc App || 진짜 이럴거같음.. || 페이몬 키보드에서 손 떼 || 근데 당연한게 나비아 보고 니 엄마 니낳고 죽었잖아 이랳는데 - dc App || 대충 신경 안쓰니 괜찮다는 대사 || PTSD 오네
14867881,사지.jpg,,진짜네 || 적 || 사이노 유기당했노 || 그냥 이새끼는 보기만 해도 웃음벨임 || 이새끼도 팔다리는 있네... || 완전 재밌어
14867862,???: 걱정하지마 원붕아~,난 장애인이든 고아든 다패버려~,호감몬 || 대 황 몬 || 강강약강은 역시 페이몬 || 페이몬 예상 대사 먼가 상상가네 || 짠~ 마르시악 || 앰 창 몬
14867852,???: 정말 죄송해요 마비카님...,제가 개걸창은 존나 잘 패도...차마 장애인은 욕 못하겠어요 ㅠㅠ,나타 최후의 양심 대 치 나 || 양심은 있네 || 근데 둘다 같은뜻 아닌가..?
14867850,술 한 잔 했습니다.....,아니 못 했습니다 먹여주십쇼,내 손이 이래가
14863069,5.8 신캐 스킬셋 맞추기 대회,5.8 신캐의 속성과 스킬셋에 대해 맞추면 되는 간단한 대회입니다.대회 진행 방식은이 게시글에(상품을 받을uid) (속성) (스킬셋)댓글을 남기면 됩니다.마감기한은 5.8 신캐의 스킬셋 찌라시가 뜰 때까지추첨시일은 인게임 유출이 뜰때속성도 맞췄고스킬셋 설명이 인게임과 가장 근접하다고제가판단하는 3명에게 공월을 보내드림많관부,"uid수집ㄷㄷ || 1803866844 물 물총쏘기 || 1814928157 번개 시노부 e스킬이랑 비슷 || 근데 이거 유출로 어느정도 견적 나오지 않았나  - dc App || 888481557 성진 파티전체힐 || 그냥 참가만 해봄 - 번개 / 슈브랑 비슷 || 풀원소 / 에밀리 두린 조합에 쓸 수 있는 연소 서포터 기술 || 885930413 물 서폿겸 힐러 || 1805940723 번개/스킬 특수감전:번개내성깎 발동시 자기장형성 적 끌어옴 감전 ,피해면역제공 공속40% 경저제공  스킬 || 852962470 감전 5성 올로룬 || uid수집기보소  - dc App || 804842825 / 번개 / 슈브처럼 e쓸시 감전용 서포팅, 궁쓰면 실드 || 890465158 / 그냥 신캐 안나올거 같은데 || 번개, 물번개 조합짜면 본인 공격력 비례로 감전에 추가피해 || 81294722/ 코코미 소환, 코코미 처형 || 856488853 번개 감전반응 메인  - dc App || 888481557 파멸 e쓰면 민간인을 학살하고 q쓰면 행성을 부숨 || 883368236 번개/궁쓰면 저태이에서 발도함, e는 온필드캐릭 합동공격 || 801307184 물속성, 스킬셋 슈브르즈처럼 속성제한 서폿 || 속성: 허수스킬셋: 한손에는 타르탈리아 한손에는 스커크 나와서 합체 한다음에 머리는 루미네 가면 쓰면서 각성모드 크아아악슈슈슉파파팡 쿠아아아악 || 851789431/ 번개 / 속성 제한 물,전기만으로 파티 구성시 물, 전기 내성깎 보너스, q 버스트힐 || 863397240번개특성 물/번개 원소 구성시 감전 데미지 강화q적중시 물/전기 내성깎e 힐/보호막q 광역으로 번개 원소 지속 부착 || 1800445164(불, 상시유지되는 과부하 섭딜+서폿) || 1811674679 물 e섭딜 쿨감 보호막 공속"
14833144,‼+제5회! 원갤 보이스리플 대회를 시작합니다!!‼+,"1이미지 순서 ON마우스 커서를 올리면이미지 순서를 ON/OFF 할 수 있습니다.지원 가능한 장르: 보이스 리플로 할 수 있는 모든 것Ex:Ost 부르기(붕스 젠존제등 동생겜도 가능)악기 연주씹덕콘 더빙 (붕스 명조 젠존제등 타겜콘도 가능)캐릭터/몬스터/npc 더빙자작곡*주제도 원갤/원신과 관련된 것이라면 뭐든 괜찮습니다.갱차 먹을 소재만 아니면 되져지원 기간: 6월 3일-6월 20일 (상황에 따라 연장 가능)순위 측정 방법: 개추수/댓글수/최종 투표 합산상품: 1등 싸이버거 세트 / 2등,3등 싸이버거 단품참여자격: 유동만 아니면 누구든 가능!사실 유동도 상품먹을 생각없으면 가능!로갓 주딱도 갱차당한 원붕이도 분쟁경고하러온 타갤파딱도 똥글싸는것도 질린 고닉도 모두 환영합니다쪽팔리는 경우엔?:깡계를 팝시다! 반응이 좋으면 그때가서 사실 나였다고댓글로 티내면 되는거에요!목소리가 좋지 않아도, 노래를 못 불러도 괜찮습니다.웃기면 되는거에요참여하고싶은데 여자인 경우엔?:깡계를 팝시다! 본계정으로 참여하시면 갤이 터져버려요아래 링크들은 지난 대회 우수작 중 몇개를 선정한 겁니다.꾸준히 열 대회라 이번 대회에서도 우수작이 나오면다음 대회때 예시로 박제해둘 예정입니다.보시면 아시겠지만1) 퀄리티가 그냥 좋음2) 더빙 싱크로율이 너무 잘 맞음3) 병신같은데 웃김4) 콘 하나 대사 하나 녹음했는데 웃김등 한 대회에서도 다양한 접근법이 있었습니다.퀄리티가 안 좋다고 걱정하거나 재미가 없다고 걱정하지 마시고한번 용기를 내서 지원해주세요!조촐한 상품이지만 이번에도 많은 작품으로 갤떡밥이 유쾌하게 흘러가길 기원해봅니다.보플대회) Rubia 불러봤어...- 원신 project 마이너 갤러리나 저번에 온세상이무대 커버한거 올렸었는데 그거 올리고 나니까 대회하더라고 ㅠ 그때 그거 하나 올릴라고 만든 깡계라서 패스워드도 까먹고(추천비밀번호 막 복잡하게 써진거 썼음;) 올리고 나서 시작된 대회라서 새로 하나m.dcinside.com만약 내가 태양을 본 적이 없다면https://m.dcinside.com/board/onshinproject/14378603보플대회))만약 내가 태양을 본 적이 없다면- 원신 project 마이너 갤러리부르기 개빡세네하이라이트때 박자가 좀 좆박음- dc official Appm.dcinside.com애타는 한가슴을 달랠 수 있다면https://m.dcinside.com/board/onshinproject/14377837보플대회)애타는 한 가슴을 달랠 수 있다면- 원신 project 마이너 갤러리원래 은하에서 외로이 흔들리며 부르려 했는데 목이 잠겨서 이거라도 부름..- dc official Appm.dcinside.com카피타노콘으로 뇌절하기https://m.dcinside.com/board/onshinproject/14373792원갤 보플 대회)카피타노콘으로 뇌절하기- 원신 project 마이너 갤러리이미 우리 곁을 떠난 카피타노로 뇌절하기 - dc official Appm.dcinside.com쇼군댄스까 송https://m.dcinside.com/board/onshinproject/14400004쇼군댄스까 송- 원신 project 마이너 갤러리Ai가 아니라 사람임다[최종본]https://m.dcinside.com/board/onshinproject/13153517 개조뗀송 . - 원신 project 마이너 갤러리[개조뗀완성본]m.dcinside.com전작m.dcinside.com푸리나 느비 더빙https://m.dcinside.com/board/onshinproject/14373032보플대회 참가- 원신 project 마이너 갤러리- dc official Appm.dcinside.comhttps://m.dcinside.com/board/onshinproject/13837263?headid=310&page=6보플대회) 운근 경극 사원을가른신녀- 원신 project 마이너 갤러리이이잉m.dcinside.comhttps://m.dcinside.com/board/onshinproject/13835247?headid=310&page=7샘물무리 용 무사 성대모사- 원신 project 마이너 갤러리- dc official Appm.dcinside.comhttps://m.dcinside.com/board/onshinproject/13153366운근인 척 하는 코코미- 원신 project 마이너 갤러리국내 최대 커뮤니티 포털 디시인사이드. 힛갤러리, 유저이슈 등 인터넷 트렌드 총 집합m.dcinside.comhttps://m.dcinside.com/board/onshinproject/13153517개조뗀송 .- 원신 project 마이너 갤러리[개조뗀완성본]m.dcinside.com",샘물무리 다시봐도 레전드네 ㅋㅋㅋㅋㅋ || 파도타기~~~! || 아 여자라 못하겠네 || boys 리플 대회에 어딜 감히 계집이 참여하려하느냐 || 쇼군댄스까송 오랜만이네 ㅋㅋㅋㅋㅋㅋ || 개조뗀송 또 들으러가야지 || 오 ㄷㄷ  - dc App || 여자목소리 잘내는 새끼들 나오겠다 || 너무 짧은데 연습할 기간 좀만 더 주면 안대? || 원붕이 죽으면 어디로 삣삐 || 중복참가 가능여부 || 참여기간 2028년으루 늘려주면 안될까 나 곧 감옥가야해서 참가를 못함 || 쇼군덴스까 쇼군덴스까 쇼군덴스까 쇼군덴스까  - dc App || 쇼군대스까~ || 시도해볼까 했더니 예시작이 다 레전드네 || 갤이 터져버려요ㅋㅋㅋㅋㅋ || 개조뗀쏭 최종본이 존나웃기던데 ㅋㅋㅋ - dc App
14867830,●▅▇█▇,,아 || 아 - dc App || ㅋㅋㅋㅋㅋㅋㅋㅋㅋㅋㅋㅋㅋ || ㅅㅂㅋㅋㅋㅋㅋㅋ || 어쩐지 짧더라 || 오 || tag:amputee  - dc App || 절반 어디갔노
14867817,이 새끼들 평소엔 개추 ㅈㄴ 안주면서,오늘 념리젠 진짜 레전드네별것도 아닌글에 개추박을거면 평소엔 왜그리 비싼척한건데?,ㄹㅇ.. || 사지절단이 별것도 아니라는게 더 무섭네
14867811,"""오빠 청이는 팔다리 다 달려있어""",그러니까 날 뽑아,각청 팔 100개붙여도 질듯ㅋㅋㅋ || 있는것만도 못한 || 팔다리 뽑아달라고? || 그만 쳐나와 혀뽑아버리기 전에 || 니는 성능이 팔다리가 없잖니  - dc App || 청의인줄
14867806,"""장애인년한테 단체로 눈 돌아간 꼬라지 하곤...""",오빠는 저런 사지 모자란 년 말고 나만 볼거지?,특검 언제 받음? || 특검법 통과 됐더라 잘가라 || 너도 장애인이잖아 || 치건희여사님 ㅠ
14867788,❗❗❗긴젖 라이덴 카드따위 필요없어❗❗❗,1이미지 순서 ON마우스 커서를 올리면이미지 순서를 ON/OFF 할 수 있습니다.2이미지 순서 ON3이미지 순서 ON4이미지 순서 ON,링크 || 원본 제발 || 급함  - dc App || 노꼴갑 || 와  - dc App || 발기함 || 거 민박집 어디오
14867787,야 원갤!!,1이미지 순서 ON마우스 커서를 올리면이미지 순서를 ON/OFF 할 수 있습니다.너네 갤 개 처 망했다며? 이제부터 여긴...2이미지 순서 ON3이미지 순서 ON....4이미지 순서 ON,뭐야 점령해줘요 || 어디가냐고 || 동남아한테도 발리는 맹구 나가잇 ㅋㅋ || 가지마
